Counterparty,total_sessions,avg_ops_per_session,avg_volume_per_session,max_ops_in_session,max_volume_in_session,avg_session_duration_minutes
,3262,1.5987124463519313,7898.260925812375,17,405786.10000000003,7.34749642346209
P2P-2d243a5d,7,1.1428571428571428,58472.47000000001,2,112510.8,6.121428571428572
P2P-20ef4338,6,1.6666666666666667,43847.0,5,68767.0,13.08611111111111
emilianochinelli,5,1.0,833.9619999999999,1,2576.0,0.0
P2P-426ff1qp,5,1.0,18058.184,1,23186.0,0.0
CRYPTOURU,4,1.0,9250.0,1,12000.0,0.0
P2P-f098e2bh,4,1.0,33260.0,1,33260.0,0.0
poul35,3,1.0,140.07333333333332,1,156.1,0.0
master1835,3,1.0,3033.3333333333335,1,4900.0,0.0
P2P-53408c34,3,1.0,16340.849999999999,1,21669.42,0.0
BolsoChange,3,1.0,50754.59666666667,1,107000.0,0.0
P2P-d17b99yo,3,1.0,1175.44,1,1513.44,0.0
P2P-bddabebg,3,1.0,6190.666666666667,1,8000.0,0.0
Shorminoguez,3,1.0,361.6866666666667,1,567.46,0.0
Christian,3,1.0,470.1666666666667,1,804.0,0.0
P2P-296841xk,3,1.0,19604.826666666664,1,28732.21,0.0
P2P-995f9drw,3,1.0,22883.333333333332,1,23900.0,0.0
NicoGonzalezUy,3,1.0,22791.443333333333,1,25000.0,0.0
juanjdp,3,1.0,773.6633333333333,1,1322.04,0.0
P2P-6b3180cp,3,1.0,1183.0566666666666,1,1601.54,0.0
P2P-db68f5rk,3,1.0,232.39666666666668,1,272.1,0.0
P2P-0dc8a3t7,3,1.0,75166.66666666667,1,94000.0,0.0
P2P-b0b58ctm,3,1.0,24562.14,1,28660.14,0.0
P2P-320874cy,3,1.0,7467.386666666666,1,8750.0,0.0
P2P-da5414sr,2,1.0,17950.0,1,18000.0,0.0
P2P-a07dd4pq,2,1.0,22446.289999999997,1,37498.34,0.0
P2P-2e4c1f9q,2,2.0,75987.44499999999,3,98776.68,48.4
P2P-52dcddtt,2,2.5,51533.085,3,61078.68,71.5
Papi Greco,2,1.0,372.97,1,400.49,0.0
P2P-c9b50df9,2,1.0,5859.0,1,5859.0,0.0
P2P-8ee834xt,2,1.0,13139.165,1,13200.0,0.0
BoogieMan2K,2,1.5,778.8249999999999,2,1040.1,9.433333333333334
P2P-2f1f56dq,2,1.0,50000.0,1,50000.0,0.0
P2P-85f40bca,2,1.5,21525.0,2,25600.0,9.275
P2P-45c2907o,2,1.0,9000.0,1,10000.0,0.0
P2P-6ba210ay,2,1.0,9000.0,1,10000.0,0.0
P2P-5d7a64dj,2,1.0,292.375,1,293.28,0.0
P2P-9003fcxt,2,1.5,11750.0,2,15000.0,8.066666666666666
P2P-3f709fmu,2,1.0,12017.5,1,18905.0,0.0
P2P-a109deob,2,1.0,3645.975,1,7116.95,0.0
P2P-437910jt,2,1.0,9327.65,1,12488.44,0.0
Criptobuy,2,1.0,2387.505,1,3532.35,0.0
P2P-d21c47dq,2,1.0,131.32,1,150.0,0.0
P2P-2974e3qc,2,1.0,8523.029999999999,1,8610.15,0.0
P2P-8aa8aepp,2,1.0,20000.0,1,20000.0,0.0
P2P-7d4ea08o,2,1.0,8750.0,1,8800.0,0.0
P2P-76b381xc,2,1.0,15275.5,1,20551.0,0.0
P2P-8dfecavb,2,1.0,21009.825,1,28046.33,0.0
P2P-1592ddyd,2,1.0,29900.0,1,29900.0,0.0
arielo,2,1.5,51000.0,2,62000.0,10.083333333333334
P2P-a8a629np,2,1.0,7630.0,1,7630.0,0.0
P2P-d6fe8d6c,2,1.0,14835.16,1,20350.0,0.0
el_carpincho,2,1.0,2500.0,1,3000.0,0.0
Cmanuel_uy,2,1.5,51905.0,2,75310.0,5.283333333333333
P2P-b9dd8fdt,2,1.0,150.33,1,196.61,0.0
P2P-3db9b5mh,2,1.0,49500.0,1,59000.0,0.0
P2P-610493l6,2,1.0,39731.58,1,71061.78,0.0
P2P-5de988uv,2,1.0,13413.11,1,26726.22,0.0
P2P-7b4cc2q5,2,1.0,12078.5,1,20000.0,0.0
Marcelo_Leites,2,1.0,300.0,1,300.0,0.0
P2P-805322it,2,1.0,155.32999999999998,1,202.57,0.0
P2P-52d73dld,2,1.0,200.0,1,200.0,0.0
P2P-b3bd895x,2,1.0,100585.24,1,146447.48,0.0
P2P-9b7001cz,2,1.0,97.75999999999999,1,135.66,0.0
P2P-181cf8np,2,1.0,43000.0,1,43000.0,0.0
P2P-f1cdffvf,2,3.5,3326.1000000000004,6,6152.200000000001,29.091666666666665
P2P-2bb599rx,2,1.5,15000.0,2,20000.0,7.716666666666667
P2P-c5525bjo,2,1.0,40000.0,1,43000.0,0.0
BruceR25,2,1.0,22434.510000000002,1,22447.04,0.0
P2P-eaaa84sr,2,1.0,131.0,1,131.0,0.0
P2P-863acelf,2,1.5,45000.0,2,60000.0,4.666666666666667
Carlosmroj,2,1.0,3048.625,1,5200.0,0.0
P2P-dd5062pq,2,1.0,22000.0,1,22000.0,0.0
P2P-3b48abgq,2,1.5,28683.61,2,44000.0,6.55
P2P-55cdd7ej,2,1.0,15524.0,1,17643.0,0.0
P2P-457943cp,2,1.0,399.83000000000004,1,498.44,0.0
P2P-b3c8cf3u,2,1.0,10248.06,1,12687.0,0.0
P2P-d3325cfj,2,1.0,8000.0,1,8000.0,0.0
P2P-540afaog,2,1.0,16750.0,1,20000.0,0.0
P2P-cb8617ez,2,1.0,23763.24,1,37481.12,0.0
P2P-756ddemc,2,1.0,8500.0,1,13000.0,0.0
P2P-7af467qs,2,1.0,1750.0,1,3000.0,0.0
SebaCripto,2,1.0,345.56,1,350.0,0.0
P2P-2c9a22fw,2,2.0,68375.81,3,113332.54999999999,27.316666666666666
P2P-63e1aaj2,2,1.0,10540.470000000001,1,15021.92,0.0
P2P-2912c707,2,1.5,24250.0,2,35000.0,3.3916666666666666
P2P-993631ii,2,1.0,40330.0,1,60660.0,0.0
P2P-39d1bcn0,2,1.0,11000.0,1,13000.0,0.0
P2P-43253b0t,2,1.0,204.9,1,209.8,0.0
Jeyurmona23,2,1.0,699.975,1,1000.0,0.0
P2P-dbfd03lh,2,1.0,22400.0,1,23000.0,0.0
P2P-2caf952c,1,1.0,21789.0,1,21789.0,0.0
P2P-4781f7mx,1,1.0,50000.0,1,50000.0,0.0
P2P-17e72ffv,1,4.0,64442.619999999995,4,64442.619999999995,46.53333333333333
P2P-bbd542yf,1,2.0,44004.4,2,44004.4,16.483333333333334
P2P-91057azg,1,1.0,14063.34,1,14063.34,0.0
P2P-06cf0eb7,1,1.0,23074.74,1,23074.74,0.0
P2P-e81516zv,1,1.0,44240.19,1,44240.19,0.0
P2P-b78d47da,1,2.0,100765.07999999999,2,100765.07999999999,19.2
NeoxCript,1,1.0,27019.11,1,27019.11,0.0
P2P-6cc015hc,1,1.0,15000.0,1,15000.0,0.0
P2P-348274fn,1,1.0,21920.85,1,21920.85,0.0
P2P-57aace59,1,1.0,24483.41,1,24483.41,0.0
EmiMz0806,1,1.0,22163.88,1,22163.88,0.0
P2P-3478c3ar,1,2.0,3021.0,2,3021.0,29.416666666666668
P2P-d531f4lo,1,1.0,550.0,1,550.0,0.0
Secure-n-Fast,1,2.0,500.0,2,500.0,26.816666666666666
P2P-e95c93ib,1,1.0,250.76,1,250.76,0.0
P2P-4392104p,1,1.0,36722.29,1,36722.29,0.0
P2P-26235ct1,1,1.0,8000.0,1,8000.0,0.0
Impulsotrading,1,1.0,499.94,1,499.94,0.0
P2P-514552zt,1,1.0,10000.0,1,10000.0,0.0
Pochi08,1,1.0,23167.31,1,23167.31,0.0
P2P-df3c613r,1,1.0,10000.0,1,10000.0,0.0
P2P-06f7efvb,1,1.0,103.65,1,103.65,0.0
P2P-d4f4fdy2,1,1.0,17791.22,1,17791.22,0.0
P2P-5ff10350,1,1.0,22000.0,1,22000.0,0.0
P2P-c6e832b4,1,1.0,38000.0,1,38000.0,0.0
P2P-6a1e99fc,1,1.0,36000.0,1,36000.0,0.0
P2P-a0a640m2,1,1.0,22577.25,1,22577.25,0.0
P2P-d29332yr,1,1.0,5000.0,1,5000.0,0.0
P2P-91cd57bv,1,2.0,135881.94,2,135881.94,20.966666666666665
P2P-36741aps,1,1.0,22500.0,1,22500.0,0.0
Grox,1,1.0,4500.0,1,4500.0,0.0
Afrontora76,1,1.0,4440.0,1,4440.0,0.0
P2P-71d437r8,1,1.0,22000.0,1,22000.0,0.0
P2P-c485a9pu,1,1.0,20599.0,1,20599.0,0.0
Mi_Querencia,1,1.0,5580.0,1,5580.0,0.0
P2P-4ce019fq,1,1.0,6000.0,1,6000.0,0.0
P2P-3306a1ku,1,1.0,20510.88,1,20510.88,0.0
P2P-3a273e48,1,1.0,53000.0,1,53000.0,0.0
P2P-c5334f0i,1,1.0,300.0,1,300.0,0.0
P2P-b05de51u,1,1.0,8380.0,1,8380.0,0.0
SealExch,1,1.0,50000.0,1,50000.0,0.0
P2P-eadba4ij,1,2.0,44639.1,2,44639.1,20.2
P2P-8459c8gv,1,1.0,36885.0,1,36885.0,0.0
P2P-3d1176to,1,1.0,300.0,1,300.0,0.0
damianbusiness,1,1.0,692.7,1,692.7,0.0
El_Elias27,1,1.0,243.67,1,243.67,0.0
P2P-d08921gg,1,1.0,18200.0,1,18200.0,0.0
P2P-bf6eecot,1,1.0,53746.98,1,53746.98,0.0
P2P-5f6ce2pi,1,1.0,20000.0,1,20000.0,0.0
P2P-b2a813t4,1,1.0,13904.31,1,13904.31,0.0
Ganamosss,1,1.0,20000.0,1,20000.0,0.0
wyatt09,1,1.0,184.35,1,184.35,0.0
P2P-2f438e0q,1,1.0,5000.0,1,5000.0,0.0
P2P-b4646erv,1,1.0,26906.28,1,26906.28,0.0
COMANDOO,1,1.0,124.99,1,124.99,0.0
Mangri,1,1.0,8926.23,1,8926.23,0.0
AgusBonilla,1,1.0,7300.0,1,7300.0,0.0
CryptoMinds-,1,1.0,251.44,1,251.44,0.0
P2P-0b816fx6,1,4.0,36000.0,4,36000.0,71.25
P2P-6ca905rk,1,1.0,36270.9,1,36270.9,0.0
GroupSensei,1,1.0,291.0,1,291.0,0.0
P2P-b19fd5fi,1,1.0,330.0,1,330.0,0.0
JuanSH,1,1.0,8597.5,1,8597.5,0.0
P2P-72d623yb,1,1.0,53709.82,1,53709.82,0.0
P2P-563f92xu,1,1.0,22245.0,1,22245.0,0.0
P2P-e8dcc0hk,1,1.0,9400.0,1,9400.0,0.0
P2P-3e70287h,1,1.0,4000.0,1,4000.0,0.0
P2P-03da539f,1,2.0,37131.0,2,37131.0,31.4
Rodusdt,1,1.0,9038.25,1,9038.25,0.0
P2P-19e2a0cz,1,1.0,40000.0,1,40000.0,0.0
P2P-1be159ot,1,1.0,312.0,1,312.0,0.0
P2P-08526bn6,1,1.0,128.5,1,128.5,0.0
P2P-3a08f7i0,1,3.0,1498.0,3,1498.0,19.366666666666667
P2P-cc12c4gn,1,1.0,37769.5,1,37769.5,0.0
P2P-d77dc8fn,1,1.0,21500.0,1,21500.0,0.0
P2P-bee3bdla,1,1.0,15404.26,1,15404.26,0.0
P2P-43f9a3wy,1,1.0,15000.0,1,15000.0,0.0
P2P-3a7d63mw,1,1.0,21500.05,1,21500.05,0.0
P2P-5cee5cyo,1,1.0,6146.79,1,6146.79,0.0
P2P-7e01fcy9,1,1.0,9000.0,1,9000.0,0.0
P2P-f2820eag,1,1.0,40000.0,1,40000.0,0.0
P2P-9680313t,1,1.0,38000.0,1,38000.0,0.0
P2P-f75848v6,1,2.0,42620.0,2,42620.0,9.316666666666666
P2P-8d106fyd,1,1.0,200.0,1,200.0,0.0
P2P-daf17dok,1,1.0,37633.32,1,37633.32,0.0
P2P-3ed1d0yj,1,1.0,100.14,1,100.14,0.0
P2P-910f6dcw,1,1.0,23008.24,1,23008.24,0.0
P2P-ab01a3gj,1,1.0,51139.49,1,51139.49,0.0
P2P-ebb3acrk,1,1.0,675.25,1,675.25,0.0
P2P-ed4f615u,1,1.0,901.91,1,901.91,0.0
P2P-9b260fhn,1,1.0,4515.0,1,4515.0,0.0
Intercambio1979,1,1.0,5000.0,1,5000.0,0.0
P2P-c7cb37yq,1,1.0,18028.57,1,18028.57,0.0
P2P-701a759w,1,1.0,300.0,1,300.0,0.0
P2P-bd3d6dvi,1,1.0,22321.77,1,22321.77,0.0
juanisantana,1,2.0,600.0,2,600.0,18.9
P2P-b7b4983u,1,1.0,287.05,1,287.05,0.0
P2P-d78235zv,1,1.0,5000.0,1,5000.0,0.0
P2P-841799ih,1,1.0,109.71,1,109.71,0.0
P2P-3741d5ry,1,1.0,14713.15,1,14713.15,0.0
P2P-ae7b0fif,1,1.0,6000.0,1,6000.0,0.0
P2P-641ec0rg,1,1.0,13822.57,1,13822.57,0.0
P2P-b6719bc7,1,1.0,1220.11,1,1220.11,0.0
P2P-5466a6qe,1,1.0,97350.0,1,97350.0,0.0
P2P-11c417u1,1,1.0,38500.0,1,38500.0,0.0
P2P-80bba97v,1,1.0,5000.0,1,5000.0,0.0
P2P-9632d7u8,1,1.0,37481.12,1,37481.12,0.0
P2P-f410a8iv,1,1.0,22350.0,1,22350.0,0.0
P2P-ce4ce7bg,1,1.0,4000.0,1,4000.0,0.0
P2P-29ba96rr,1,2.0,41300.0,2,41300.0,37.36666666666667
P2P-abb7fctk,1,1.0,800.0,1,800.0,0.0
P2P-d14daccb,1,1.0,79955.0,1,79955.0,0.0
P2P-2c1484ty,1,1.0,37500.0,1,37500.0,0.0
P2P-9e4ea2sp,1,1.0,4012.0,1,4012.0,0.0
P2P-42e8a8f8,1,2.0,21000.0,2,21000.0,31.25
P2P-14f1f0rf,1,1.0,217.75,1,217.75,0.0
P2P-2f76f3gs,1,1.0,8300.0,1,8300.0,0.0
UruguayChange,1,1.0,22000.0,1,22000.0,0.0
P2P-c61f9dvk,1,1.0,20000.0,1,20000.0,0.0
P2P-ff54fa0s,1,1.0,14900.0,1,14900.0,0.0
P2P-45d812ud,1,1.0,200.0,1,200.0,0.0
P2P-3b1d6efv,1,1.0,63000.0,1,63000.0,0.0
P2P-a3e0664r,1,1.0,2000.0,1,2000.0,0.0
P2P-7aa470an,1,1.0,189.31,1,189.31,0.0
P2P-b46c86hw,1,1.0,37500.0,1,37500.0,0.0
P2P-abb861nd,1,1.0,15635.29,1,15635.29,0.0
P2P-394538ti,1,1.0,6757.87,1,6757.87,0.0
P2P-8d6bff1l,1,2.0,43850.0,2,43850.0,31.466666666666665
Candor2,1,1.0,101.05,1,101.05,0.0
P2P-9c5ee1d2,1,1.0,22000.0,1,22000.0,0.0
fbarrios,1,1.0,300.0,1,300.0,0.0
Marteen28,1,1.0,4000.0,1,4000.0,0.0
puppet02,1,1.0,2500.0,1,2500.0,0.0
P2P-81f0e1ru,1,1.0,9242.0,1,9242.0,0.0
P2P-a2db87jm,1,1.0,50000.0,1,50000.0,0.0
P2P-ccda2cht,1,1.0,6152.2,1,6152.2,0.0
P2P-24ad9axp,1,1.0,22610.51,1,22610.51,0.0
sobrino77,1,1.0,27000.0,1,27000.0,0.0
P2P-9b9f5fqt,1,1.0,6000.0,1,6000.0,0.0
Cryptoagil,1,2.0,1200.0,2,1200.0,0.8833333333333333
P2P-005858vl,1,1.0,21575.75,1,21575.75,0.0
P2P-bee590wy,1,1.0,200.0,1,200.0,0.0
P2P-e85c63xl,1,1.0,37441.07,1,37441.07,0.0
Elhombregsto,1,2.0,40000.0,2,40000.0,27.349999999999998
P2P-1b1b53o8,1,1.0,604.54,1,604.54,0.0
YahirAR,1,1.0,4000.0,1,4000.0,0.0
P2P-54417ch0,1,1.0,22802.28,1,22802.28,0.0
P2P-f979d8yq,1,1.0,216.45,1,216.45,0.0
facundo_cardona,1,1.0,7500.0,1,7500.0,0.0
P2P-55a4f41d,1,1.0,20599.0,1,20599.0,0.0
Juanmaster2002,1,1.0,117.83,1,117.83,0.0
P2P-96540dcm,1,1.0,16889.42,1,16889.42,0.0
P2P-eafc4fyo,1,1.0,26204.73,1,26204.73,0.0
P2P-3d94c5q9,1,1.0,6500.0,1,6500.0,0.0
P2P-b16270ur,1,1.0,156.72,1,156.72,0.0
P2P-4a4762je,1,1.0,6243.06,1,6243.06,0.0
P2P-36e2afdk,1,1.0,1209.38,1,1209.38,0.0
P2P-9bf649pi,1,2.0,75283.32,2,75283.32,84.58333333333333
AnaelaCRP,1,1.0,2300.0,1,2300.0,0.0
nacho9026,1,1.0,549.94,1,549.94,0.0
P2P-bca1f2lm,1,1.0,52000.0,1,52000.0,0.0
P2P-2e3e6fne,1,1.0,15000.0,1,15000.0,0.0
CriptoBarinas,1,1.0,8802.2,1,8802.2,0.0
PashaDeg,1,1.0,300.0,1,300.0,0.0
P2P-617b67s9,1,1.0,22462.07,1,22462.07,0.0
Zyskie,1,1.0,16000.0,1,16000.0,0.0
P2P-e097b84k,1,1.0,21700.0,1,21700.0,0.0
P2P-34593exm,1,1.0,59500.0,1,59500.0,0.0
P2P-a1fc8bta,1,1.0,488.68,1,488.68,0.0
P2P-79dedcwc,1,1.0,46953.0,1,46953.0,0.0
chelo,1,1.0,1000.0,1,1000.0,0.0
P2P-ca4e98ut,1,1.0,80334.7,1,80334.7,0.0
P2P-f8a5fcbs,1,1.0,15000.0,1,15000.0,0.0
P2P-1c3aebzm,1,1.0,150.0,1,150.0,0.0
Agucrypto,1,1.0,6655.0,1,6655.0,0.0
P2P-9e22817n,1,1.0,8792.19,1,8792.19,0.0
P2P-e30816to,1,1.0,8854.41,1,8854.41,0.0
P2P-ee3e94uv,1,1.0,32060.34,1,32060.34,0.0
GerryARUY,1,1.0,300.0,1,300.0,0.0
P2P-ec17d7ic,1,1.0,191.18,1,191.18,0.0
P2P-9fed50t7,1,1.0,10000.0,1,10000.0,0.0
derkodierer,1,1.0,30000.0,1,30000.0,0.0
Ebenezer,1,1.0,5000.0,1,5000.0,0.0
P2P-17fcd4oz,1,1.0,171.4,1,171.4,0.0
Angela,1,1.0,5000.0,1,5000.0,0.0
P2P-d262c0he,1,1.0,53314.6,1,53314.6,0.0
P2P-c6528csm,1,1.0,38072.35,1,38072.35,0.0
AgustinMoreira,1,1.0,5000.0,1,5000.0,0.0
P2P-86f714gg,1,1.0,10000.0,1,10000.0,0.0
P2P-425d58sx,1,1.0,21870.0,1,21870.0,0.0
P2P-2815b9b6,1,1.0,11381.44,1,11381.44,0.0
P2P-b8ea48es,1,1.0,500.0,1,500.0,0.0
P2P-990840cs,1,1.0,10000.0,1,10000.0,0.0
deoh23,1,1.0,45250.0,1,45250.0,0.0
Franchoo01,1,2.0,995.26,2,995.26,17.0
P2P-2efb3agn,1,1.0,117000.0,1,117000.0,0.0
P2P-cb4aacxy,1,1.0,6585.0,1,6585.0,0.0
P2P-fc7eeeq9,1,1.0,28365.0,1,28365.0,0.0
Andresovich,1,1.0,518.0,1,518.0,0.0
P2P-616866pt,1,1.0,19750.0,1,19750.0,0.0
P2P-316feaqf,1,2.0,75683.2,2,75683.2,14.883333333333333
JaviCambio,1,1.0,10982.25,1,10982.25,0.0
hrgonzalez7,1,1.0,300.0,1,300.0,0.0
P2P-2d5b05es,1,1.0,30414.1,1,30414.1,0.0
Lorenzetti-17,1,1.0,15254.66,1,15254.66,0.0
pabliito07,1,1.0,4480.0,1,4480.0,0.0
P2P-3804d0yt,1,1.0,13800.0,1,13800.0,0.0
P2P-718b41ol,1,1.0,241.75,1,241.75,0.0
P2P-b4c861qe,1,1.0,17218.15,1,17218.15,0.0
P2P-e982859p,1,1.0,15764.0,1,15764.0,0.0
P2P-500294mc,1,1.0,74586.0,1,74586.0,0.0
P2P-8f067ehp,1,1.0,19500.0,1,19500.0,0.0
andrewbit,1,1.0,5531.0,1,5531.0,0.0
P2P-3b608b66,1,1.0,12576.22,1,12576.22,0.0
P2P-4b523csi,1,1.0,110.0,1,110.0,0.0
P2P-6aed9d74,1,1.0,10000.0,1,10000.0,0.0
P2P-5485474r,1,1.0,55377.21,1,55377.21,0.0
Tezos_Baker,1,1.0,1000.0,1,1000.0,0.0
P2P-0c9aaaxh,1,1.0,8200.0,1,8200.0,0.0
P2P-fb212da6,1,1.0,20000.0,1,20000.0,0.0
P2P-bb561bea,1,1.0,12426.48,1,12426.48,0.0
P2P-2b82cbiz,1,1.0,205.82,1,205.82,0.0
P2P-74756e3n,1,1.0,37500.0,1,37500.0,0.0
P2P-5ddaa7qs,1,1.0,4154.92,1,4154.92,0.0
P2P-2060e2pw,1,1.0,5000.0,1,5000.0,0.0
P2P-b9e8bd97,1,1.0,19500.0,1,19500.0,0.0
P2P-a8edf6qu,1,2.0,3900.0,2,3900.0,17.78333333333333
P2P-9a7c2czb,1,1.0,55975.14,1,55975.14,0.0
P2P-688f27in,1,1.0,18932.03,1,18932.03,0.0
P2P-5b2530bj,1,1.0,6056.23,1,6056.23,0.0
P2P-3380aeeq,1,1.0,5500.0,1,5500.0,0.0
P2P-bc3c1at5,1,1.0,28046.33,1,28046.33,0.0
Madison2020,1,1.0,5000.0,1,5000.0,0.0
P2P-adaaf6mb,1,1.0,4000.0,1,4000.0,0.0
P2P-b288d9dc,1,1.0,5520.0,1,5520.0,0.0
P2P-d328441g,1,1.0,120.42,1,120.42,0.0
P2P-72528fj9,1,1.0,105718.14,1,105718.14,0.0
KiwichangeUY,1,2.0,20.09,2,20.09,4.8
P2P-295fdcys,1,1.0,18000.0,1,18000.0,0.0
P2P-c28e3bgg,1,1.0,100.0,1,100.0,0.0
CryptooP2P-,1,1.0,15825.48,1,15825.48,0.0
CryptoMefis,1,1.0,500.0,1,500.0,0.0
MCZUY,1,1.0,19600.0,1,19600.0,0.0
P2P-7d10eehy,1,1.0,5000.0,1,5000.0,0.0
P2P-ce9ad80r,1,1.0,46100.0,1,46100.0,0.0
P2P-497a2as0,1,1.0,10000.0,1,10000.0,0.0
P2P-77c976xy,1,1.0,22793.94,1,22793.94,0.0
Visequera,1,1.0,1000.0,1,1000.0,0.0
P2P-0b1d2exa,1,1.0,1894.53,1,1894.53,0.0
P2P-aab6888n,1,1.0,9720.82,1,9720.82,0.0
P2P-3312c2kp,1,1.0,120.66,1,120.66,0.0
P2P-979a36ft,1,1.0,100.0,1,100.0,0.0
P2P-1b8044xb,1,1.0,24052.83,1,24052.83,0.0
P2P-1fd30axl,1,1.0,2000.0,1,2000.0,0.0
P2P-b894beif,1,3.0,2635.92,3,2635.92,38.68333333333333
P2P-31cab5ok,1,1.0,44000.0,1,44000.0,0.0
P2P-3ba6absy,1,1.0,4900.0,1,4900.0,0.0
P2P-9e6860ta,1,1.0,8945.4,1,8945.4,0.0
Aleuzenev1992,1,1.0,5425.22,1,5425.22,0.0
SEBROS,1,1.0,2102.37,1,2102.37,0.0
P2P-21c2c6qo,1,1.0,4562.28,1,4562.28,0.0
P2P-883adezd,1,1.0,7150.0,1,7150.0,0.0
P2P-7853865x,1,1.0,20310.23,1,20310.23,0.0
Falvez86,1,1.0,9448.04,1,9448.04,0.0
P2P-306869s8,1,1.0,16000.0,1,16000.0,0.0
P2P-13997bfq,1,1.0,8000.0,1,8000.0,0.0
P2P-4b8ad0ug,1,1.0,5000.0,1,5000.0,0.0
ACEM_MVD,1,1.0,8980.0,1,8980.0,0.0
P2P-f82ccbmg,1,1.0,2813.73,1,2813.73,0.0
Cosmo_Change,1,1.0,667.0,1,667.0,0.0
miisvo,1,1.0,227.0,1,227.0,0.0
Guille13,1,1.0,1600.0,1,1600.0,0.0
P2P-5249e3nq,1,2.0,107349.84,2,107349.84,11.6
Ronuk,1,1.0,33512.23,1,33512.23,0.0
P2P-fa1bf4gd,1,1.0,1000.0,1,1000.0,0.0
P2P-6b5571x4,1,1.0,1500.0,1,1500.0,0.0
P2P-b96d19lo,1,1.0,836.0,1,836.0,0.0
P2P-53f3883o,1,1.0,285.0,1,285.0,0.0
P2P-94df26ob,1,1.0,15000.0,1,15000.0,0.0
ArmanddUSDT,1,1.0,12000.0,1,12000.0,0.0
P2P-9102c9uz,1,1.0,22459.0,1,22459.0,0.0
P2P-3dca90jq,1,1.0,736.32,1,736.32,0.0
P2P-6d8f04rk,1,1.0,27450.0,1,27450.0,0.0
P2P-b5324bhc,1,1.0,20000.0,1,20000.0,0.0
P2P-64f581sr,1,1.0,13306.41,1,13306.41,0.0
P2P-d8ab33au,1,2.0,12000.0,2,12000.0,77.71666666666667
P2P-63b24ckm,1,1.0,21000.0,1,21000.0,0.0
Ludopata,1,1.0,500.0,1,500.0,0.0
P2P-2b04dcyl,1,1.0,8000.0,1,8000.0,0.0
P2P-cdf4eefj,1,1.0,6180.16,1,6180.16,0.0
P2P-c8d34aot,1,1.0,478.56,1,478.56,0.0
Gastoniwcc,1,1.0,500.0,1,500.0,0.0
P2P-ec65c65w,1,1.0,29317.86,1,29317.86,0.0
P2P-6c79d2ws,1,1.0,14704.85,1,14704.85,0.0
gustapelu,1,1.0,200.0,1,200.0,0.0
P2P-b70609bj,1,1.0,1716.83,1,1716.83,0.0
P2P-95cdffle,1,2.0,74938.22,2,74938.22,73.66666666666667
xxsoadxx,1,1.0,100.0,1,100.0,0.0
P2P-09ee271f,1,1.0,21150.0,1,21150.0,0.0
P2P-898704yt,1,1.0,19900.0,1,19900.0,0.0
P2P-cb2ff69y,1,1.0,100.0,1,100.0,0.0
P2P-eaef2b3q,1,2.0,75266.64,2,75266.64,15.5
JoacoRSC,1,1.0,529.07,1,529.07,0.0
P2P-305b9ajr,1,1.0,1000.0,1,1000.0,0.0
Rikimaffei,1,1.0,1500.0,1,1500.0,0.0
BrianCryptos,1,1.0,60000.0,1,60000.0,0.0
P2P-6a9e59sy,1,1.0,4494.5,1,4494.5,0.0
P2P-334f26xr,1,2.0,17726.0,2,17726.0,16.633333333333333
P2P-62b1d38x,1,1.0,23402.34,1,23402.34,0.0
P2P-a79d9blj,1,1.0,53266.56,1,53266.56,0.0
P2P-8efc2bzm,1,1.0,503.94,1,503.94,0.0
Juan,1,1.0,365.0,1,365.0,0.0
P2P-344833ni,1,2.0,28914.96,2,28914.96,49.35
P2P-05a3a5lu,1,1.0,1810.0,1,1810.0,0.0
P2P-e16811up,1,2.0,12190.0,2,12190.0,34.61666666666667
P2P-9962e8g6,1,1.0,37696.35,1,37696.35,0.0
P2P-eb9a1db5,1,1.0,54375.64,1,54375.64,0.0
P2P-f42396yf,1,2.0,28042.34,2,28042.34,46.483333333333334
P2P-1659ee7f,1,1.0,22335.28,1,22335.28,0.0
Perritomalvado,1,1.0,109.39,1,109.39,0.0
P2P-40f1cfdx,1,1.0,18058.69,1,18058.69,0.0
Varo,1,1.0,15000.0,1,15000.0,0.0
P2P-798968e1,1,1.0,15057.41,1,15057.41,0.0
RAMZEZERG,1,2.0,40000.0,2,40000.0,16.25
P2P-a8323cji,1,1.0,22379.82,1,22379.82,0.0
P2P-db4843fh,1,1.0,1250.0,1,1250.0,0.0
P2P-a4c02fyy,1,2.0,999.88,2,999.88,10.2
P2P-2497cbv2,1,1.0,38412.0,1,38412.0,0.0
P2P-26e006xl,1,1.0,60000.0,1,60000.0,0.0
P2P-c2ec99nk,1,1.0,22420.0,1,22420.0,0.0
P2P-86b252c6,1,1.0,499.94,1,499.94,0.0
AgustinM,1,1.0,501.0,1,501.0,0.0
P2P-5c9cd3eq,1,1.0,1299.73,1,1299.73,0.0
P2P-b19535vo,1,1.0,4500.0,1,4500.0,0.0
P2P-54468f6a,1,1.0,63000.0,1,63000.0,0.0
P2P-6b396dkn,1,1.0,55802.25,1,55802.25,0.0
P2P-3ccfc2kp,1,1.0,489.99,1,489.99,0.0
P2P-9c2db2zh,1,1.0,5266.99,1,5266.99,0.0
Sllns,1,1.0,281.65,1,281.65,0.0
P2P-052d3ebx,1,1.0,36982.77,1,36982.77,0.0
P2P-fbbb88zh,1,1.0,21500.0,1,21500.0,0.0
P2P-5dcb70xu,1,1.0,38355.86,1,38355.86,0.0
P2P-386486ut,1,1.0,5001.75,1,5001.75,0.0
JorgePerozo,1,1.0,208.25,1,208.25,0.0
P2P-88fb85ju,1,1.0,55883.3,1,55883.3,0.0
IluminaTuAlma,1,2.0,108000.0,2,108000.0,15.516666666666666
P2P-ee12052y,1,1.0,11500.0,1,11500.0,0.0
P2P-6bd909ei,1,1.0,66000.0,1,66000.0,0.0
P2P-16f9f8zi,1,1.0,14042.34,1,14042.34,0.0
P2P-3abea9xc,1,1.0,11110.0,1,11110.0,0.0
P2P-fb2c08is,1,1.0,8000.0,1,8000.0,0.0
P2P-b9b3b7w9,1,2.0,67481.12,2,67481.12,32.15
VDVMC,1,1.0,120.0,1,120.0,0.0
P2P-e5e102xw,1,1.0,28000.0,1,28000.0,0.0
P2P-52128egr,1,1.0,47000.0,1,47000.0,0.0
P2P-6d8bf5k5,1,1.0,325.01,1,325.01,0.0
P2P-3ceb7abv,1,1.0,10000.0,1,10000.0,0.0
P2P-3ca1005g,1,1.0,37545.21,1,37545.21,0.0
P2P-16d3d2ak,1,1.0,201.01,1,201.01,0.0
Capicua373,1,1.0,72000.0,1,72000.0,0.0
P2P-1eb491ug,1,1.0,1033.0,1,1033.0,0.0
P2P-5f308diy,1,1.0,13718.95,1,13718.95,0.0
P2P-aa29e44a,1,1.0,10000.0,1,10000.0,0.0
P2P-26e237vv,1,1.0,4000.0,1,4000.0,0.0
P2P-00f2add1,1,1.0,320.64,1,320.64,0.0
P2P-c498ee3q,1,1.0,572.0,1,572.0,0.0
P2P-08e03fsv,1,1.0,403.3,1,403.3,0.0
P2P-8d9de39a,1,1.0,10777.15,1,10777.15,0.0
P2P-3700b1lf,1,1.0,22800.0,1,22800.0,0.0
P2P-08843cu6,1,1.0,5000.0,1,5000.0,0.0
P2P-522596a7,1,1.0,19000.0,1,19000.0,0.0
P2P-6dca87kb,1,1.0,15000.0,1,15000.0,0.0
DTJUY,1,1.0,15000.0,1,15000.0,0.0
P2P-00b39ame,1,1.0,9000.0,1,9000.0,0.0
P2P-a7ed35zs,1,1.0,23293.81,1,23293.81,0.0
P2P-413ceagy,1,1.0,151.68,1,151.68,0.0
P2P-cf9dc2nv,1,1.0,22940.61,1,22940.61,0.0
P2P-4f49c1qz,1,1.0,5000.0,1,5000.0,0.0
P2P-6e9da4qu,1,1.0,100000.0,1,100000.0,0.0
MCriptoUru_,1,1.0,18241.0,1,18241.0,0.0
P2P-d238f8ea,1,1.0,499.44,1,499.44,0.0
P2P-7028feyo,1,1.0,119.35,1,119.35,0.0
P2P-1e1fb6k0,1,1.0,53240.33,1,53240.33,0.0
P2P-a1e404h2,1,1.0,17000.0,1,17000.0,0.0
AF-Cripto,1,1.0,400.35,1,400.35,0.0
P2P-b6f26baj,1,1.0,11077.67,1,11077.67,0.0
Yolicm2,1,1.0,140.0,1,140.0,0.0
P2P-36e075lt,1,1.0,22320.0,1,22320.0,0.0
P2P-2eea6665,1,5.0,129000.0,5,129000.0,59.13333333333333
P2P-0f33c4lb,1,1.0,500.0,1,500.0,0.0
P2P-901346g0,1,2.0,36057.14,2,36057.14,32.983333333333334
P2P-b0d06db7,1,1.0,300.0,1,300.0,0.0
P2P-3f4b87hq,1,1.0,8805.0,1,8805.0,0.0
P2P-a2ee76n0,1,1.0,5000.0,1,5000.0,0.0
P2P-fed137d6,1,1.0,37498.34,1,37498.34,0.0
P2P-850fa7su,1,1.0,10230.12,1,10230.12,0.0
GulagGhost,1,2.0,600.0,2,600.0,14.883333333333333
P2P-9270afkm,1,2.0,47000.0,2,47000.0,8.783333333333333
P2P-f0ed8cpd,1,1.0,4500.0,1,4500.0,0.0
P2P-2f4b64dy,1,1.0,33000.0,1,33000.0,0.0
rmendez78,1,1.0,105.68,1,105.68,0.0
P2P-53b0604u,1,1.0,21900.0,1,21900.0,0.0
P2P-47b886qt,1,1.0,2000.0,1,2000.0,0.0
P2P-582794jb,1,2.0,65400.0,2,65400.0,22.5
P2P-5d1cfc18,1,2.0,46850.0,2,46850.0,24.466666666666665
P2P-b81178qo,1,1.0,2100.0,1,2100.0,0.0
P2P-58e04dzw,1,1.0,413.09,1,413.09,0.0
P2P-941aadlp,1,1.0,6486.0,1,6486.0,0.0
P2P-1796acve,1,1.0,10000.0,1,10000.0,0.0
DMV_BTC,1,1.0,313.13,1,313.13,0.0
xMellx,1,1.0,306.94,1,306.94,0.0
P2P-50f276ng,1,1.0,10000.0,1,10000.0,0.0
P2P-5190edir,1,2.0,45914.69,2,45914.69,20.3
P2P-549f87mf,1,1.0,55092.97,1,55092.97,0.0
P2P-42cd17nn,1,1.0,10000.0,1,10000.0,0.0
P2P-7d6773bi,1,1.0,12000.0,1,12000.0,0.0
P2P-516e5080,1,3.0,112852.98000000001,3,112852.98000000001,81.23333333333333
P2P-a42ae0em,1,1.0,30864.0,1,30864.0,0.0
P2P-21d728gd,1,1.0,37441.07,1,37441.07,0.0
P2P-c04b17kv,1,1.0,440.69,1,440.69,0.0
P2P-a54b1fiz,1,1.0,10000.0,1,10000.0,0.0
P2P-abd0c8n7,1,1.0,4430.0,1,4430.0,0.0
P2P-585bfaic,1,1.0,37633.32,1,37633.32,0.0
P2P-aad9deml,1,1.0,6198.79,1,6198.79,0.0
P2P-416c79m4,1,1.0,23257.44,1,23257.44,0.0
nacho11919,1,1.0,120.18,1,120.18,0.0
