Counterparty,total_sessions,avg_ops_per_session,avg_volume_per_session,max_ops_in_session,max_volume_in_session,avg_session_duration_minutes
,2365,1.33276955602537,5087.284634249475,11,253030.58,4.235066948555327
P2P-2d243a5d,8,1.0,51163.41125,1,112510.8,0.0
P2P-20ef4338,6,1.0,38304.166666666664,1,56046.0,0.0
P2P-426ff1qp,5,1.0,18058.184,1,23186.0,0.0
emilianochinelli,5,1.0,833.9619999999999,1,2576.0,0.0
P2P-b0b58ctm,3,1.0,24562.14,1,28660.14,0.0
P2P-d17b99yo,3,1.0,1175.44,1,1513.44,0.0
juanjdp,3,1.0,773.6633333333333,1,1322.04,0.0
P2P-6b3180cp,3,1.0,1183.0566666666666,1,1601.54,0.0
P2P-db68f5rk,3,1.0,232.39666666666668,1,272.1,0.0
Shorminoguez,3,1.0,361.6866666666667,1,567.46,0.0
master1835,3,1.0,3033.3333333333335,1,4900.0,0.0
P2P-3f709fmu,2,1.0,12017.5,1,18905.0,0.0
Criptobuy,2,1.0,2387.505,1,3532.35,0.0
NicoGonzalezUy,2,1.0,23236.07,1,25000.0,0.0
P2P-8aa8aepp,2,1.0,20000.0,1,20000.0,0.0
P2P-b9dd8fdt,2,1.0,150.33,1,196.61,0.0
Christian,2,1.0,652.75,1,804.0,0.0
P2P-b3bd895x,2,1.0,100585.24,1,146447.48,0.0
P2P-2c9a22fw,2,1.0,30534.21,1,37649.35,0.0
BoogieMan2K,2,1.0,518.8,1,520.05,0.0
P2P-d21c47dq,2,1.0,131.32,1,150.0,0.0
Cmanuel_uy,2,1.5,51905.0,2,75310.0,5.283333333333333
P2P-5d7a64dj,2,1.0,292.375,1,293.28,0.0
el_carpincho,2,1.0,2500.0,1,3000.0,0.0
P2P-805322it,2,1.0,155.32999999999998,1,202.57,0.0
poul35,2,1.0,154.865,1,156.1,0.0
P2P-995f9drw,2,1.0,22375.0,1,22550.0,0.0
Papi Greco,2,1.0,372.97,1,400.49,0.0
P2P-b3c8cf3u,2,1.0,10248.06,1,12687.0,0.0
Jeyurmona23,2,1.0,699.975,1,1000.0,0.0
P2P-52dcddtt,2,1.5,27249.129999999997,2,30539.34,5.158333333333333
P2P-9b7001cz,2,1.0,97.75999999999999,1,135.66,0.0
P2P-7af467qs,2,1.0,1750.0,1,3000.0,0.0
P2P-0dc8a3t7,2,1.0,65750.0,1,93500.0,0.0
P2P-457943cp,2,1.0,399.83000000000004,1,498.44,0.0
P2P-d8ab33au,2,1.0,6000.0,1,8000.0,0.0
P2P-b16270ur,1,1.0,156.72,1,156.72,0.0
P2P-7b4cc2q5,1,1.0,4157.0,1,4157.0,0.0
P2P-63b24ckm,1,1.0,21000.0,1,21000.0,0.0
P2P-bb561bea,1,1.0,12426.48,1,12426.48,0.0
Impulsotrading,1,1.0,499.94,1,499.94,0.0
P2P-91cd57bv,1,2.0,135881.94,2,135881.94,20.966666666666665
P2P-a79d9blj,1,1.0,53266.56,1,53266.56,0.0
JoacoRSC,1,1.0,529.07,1,529.07,0.0
EmiMz0806,1,1.0,22163.88,1,22163.88,0.0
P2P-5c9cd3eq,1,1.0,1299.73,1,1299.73,0.0
P2P-54468f6a,1,1.0,63000.0,1,63000.0,0.0
Yolicm2,1,1.0,140.0,1,140.0,0.0
P2P-eaaa84sr,1,1.0,131.0,1,131.0,0.0
P2P-bbd542yf,1,1.0,22002.2,1,22002.2,0.0
Visequera,1,1.0,1000.0,1,1000.0,0.0
P2P-320874cy,1,1.0,8652.16,1,8652.16,0.0
P2P-c5334f0i,1,1.0,300.0,1,300.0,0.0
BolsoChange,1,1.0,41963.79,1,41963.79,0.0
P2P-c04b17kv,1,1.0,440.69,1,440.69,0.0
nacho9026,1,1.0,549.94,1,549.94,0.0
P2P-295fdcys,1,1.0,18000.0,1,18000.0,0.0
P2P-413ceagy,1,1.0,151.68,1,151.68,0.0
P2P-08e03fsv,1,1.0,403.3,1,403.3,0.0
Aleuzenev1992,1,1.0,5425.22,1,5425.22,0.0
P2P-c5525bjo,1,1.0,43000.0,1,43000.0,0.0
P2P-b7b4983u,1,1.0,287.05,1,287.05,0.0
P2P-2eea6665,1,2.0,33000.0,2,33000.0,11.65
P2P-14f1f0rf,1,1.0,217.75,1,217.75,0.0
P2P-88fb85ju,1,1.0,55883.3,1,55883.3,0.0
AF-Cripto,1,1.0,400.35,1,400.35,0.0
P2P-617b67s9,1,1.0,22462.07,1,22462.07,0.0
P2P-979a36ft,1,1.0,100.0,1,100.0,0.0
P2P-3312c2kp,1,1.0,120.66,1,120.66,0.0
P2P-5249e3nq,1,1.0,53674.92,1,53674.92,0.0
P2P-b6f26baj,1,1.0,11077.67,1,11077.67,0.0
xMellx,1,1.0,306.94,1,306.94,0.0
P2P-e30816to,1,1.0,8854.41,1,8854.41,0.0
P2P-316feaqf,1,1.0,37841.6,1,37841.6,0.0
P2P-03da539f,1,2.0,37131.0,2,37131.0,31.4
Candor2,1,1.0,101.05,1,101.05,0.0
P2P-bee3bdla,1,1.0,15404.26,1,15404.26,0.0
Rodusdt,1,1.0,9038.25,1,9038.25,0.0
P2P-f82ccbmg,1,1.0,2813.73,1,2813.73,0.0
P2P-516e5080,1,1.0,37633.32,1,37633.32,0.0
P2P-ed4f615u,1,1.0,901.91,1,901.91,0.0
P2P-16d3d2ak,1,1.0,201.01,1,201.01,0.0
P2P-718b41ol,1,1.0,241.75,1,241.75,0.0
P2P-b0d06db7,1,1.0,300.0,1,300.0,0.0
gustapelu,1,1.0,200.0,1,200.0,0.0
P2P-19e2a0cz,1,1.0,40000.0,1,40000.0,0.0
P2P-3306a1ku,1,1.0,20510.88,1,20510.88,0.0
SEBROS,1,1.0,2102.37,1,2102.37,0.0
P2P-17fcd4oz,1,1.0,171.4,1,171.4,0.0
El_Elias27,1,1.0,243.67,1,243.67,0.0
Franchoo01,1,2.0,995.26,2,995.26,17.0
P2P-a7ed35zs,1,1.0,23293.81,1,23293.81,0.0
Gastoniwcc,1,1.0,500.0,1,500.0,0.0
P2P-d328441g,1,1.0,120.42,1,120.42,0.0
KiwichangeUY,1,2.0,20.09,2,20.09,4.8
P2P-701a759w,1,1.0,300.0,1,300.0,0.0
P2P-052d3ebx,1,1.0,36982.77,1,36982.77,0.0
P2P-2b82cbiz,1,1.0,205.82,1,205.82,0.0
P2P-26235ct1,1,1.0,8000.0,1,8000.0,0.0
Carlosmroj,1,1.0,897.25,1,897.25,0.0
CryptoMinds-,1,1.0,251.44,1,251.44,0.0
P2P-798968e1,1,1.0,15057.41,1,15057.41,0.0
P2P-8d9de39a,1,1.0,10777.15,1,10777.15,0.0
P2P-05a3a5lu,1,1.0,1810.0,1,1810.0,0.0
P2P-b5324bhc,1,1.0,20000.0,1,20000.0,0.0
P2P-e982859p,1,1.0,15764.0,1,15764.0,0.0
P2P-8efc2bzm,1,1.0,503.94,1,503.94,0.0
P2P-86f714gg,1,1.0,10000.0,1,10000.0,0.0
P2P-850fa7su,1,1.0,10230.12,1,10230.12,0.0
P2P-b6719bc7,1,1.0,1220.11,1,1220.11,0.0
P2P-883adezd,1,1.0,7150.0,1,7150.0,0.0
P2P-ebb3acrk,1,1.0,675.25,1,675.25,0.0
P2P-3478c3ar,1,1.0,1021.0,1,1021.0,0.0
Perritomalvado,1,1.0,109.39,1,109.39,0.0
P2P-1eb491ug,1,1.0,1033.0,1,1033.0,0.0
ACEM_MVD,1,1.0,8980.0,1,8980.0,0.0
P2P-005858vl,1,1.0,21575.75,1,21575.75,0.0
Ronuk,1,1.0,33512.23,1,33512.23,0.0
P2P-47b886qt,1,1.0,2000.0,1,2000.0,0.0
P2P-b894beif,1,3.0,2635.92,3,2635.92,38.68333333333333
DMV_BTC,1,1.0,313.13,1,313.13,0.0
P2P-841799ih,1,1.0,109.71,1,109.71,0.0
P2P-d238f8ea,1,1.0,499.44,1,499.44,0.0
AgustinM,1,1.0,501.0,1,501.0,0.0
P2P-c7cb37yq,1,1.0,18028.57,1,18028.57,0.0
P2P-55cdd7ej,1,1.0,17643.0,1,17643.0,0.0
Juanmaster2002,1,1.0,117.83,1,117.83,0.0
P2P-3ed1d0yj,1,1.0,100.14,1,100.14,0.0
P2P-3ca1005g,1,1.0,37545.21,1,37545.21,0.0
P2P-a42ae0em,1,1.0,30864.0,1,30864.0,0.0
P2P-5ddaa7qs,1,1.0,4154.92,1,4154.92,0.0
P2P-c8d34aot,1,1.0,478.56,1,478.56,0.0
P2P-36e2afdk,1,1.0,1209.38,1,1209.38,0.0
P2P-7028feyo,1,1.0,119.35,1,119.35,0.0
nacho11919,1,1.0,120.18,1,120.18,0.0
IluminaTuAlma,1,1.0,54000.0,1,54000.0,0.0
CryptooP2P-,1,1.0,15825.48,1,15825.48,0.0
P2P-58e04dzw,1,1.0,413.09,1,413.09,0.0
P2P-b78d47da,1,1.0,53962.74,1,53962.74,0.0
P2P-6ba210ay,1,1.0,8000.0,1,8000.0,0.0
CryptoMefis,1,1.0,500.0,1,500.0,0.0
P2P-3ccfc2kp,1,1.0,489.99,1,489.99,0.0
wyatt09,1,1.0,184.35,1,184.35,0.0
P2P-9e4ea2sp,1,1.0,4012.0,1,4012.0,0.0
P2P-eadba4ij,1,1.0,22319.55,1,22319.55,0.0
P2P-5dcb70xu,1,1.0,38355.86,1,38355.86,0.0
NeoxCript,1,1.0,27019.11,1,27019.11,0.0
P2P-a4c02fyy,1,2.0,999.88,2,999.88,10.2
P2P-3db9b5mh,1,1.0,59000.0,1,59000.0,0.0
P2P-305b9ajr,1,1.0,1000.0,1,1000.0,0.0
GroupSensei,1,1.0,291.0,1,291.0,0.0
SebaCripto,1,1.0,341.12,1,341.12,0.0
P2P-f75848v6,1,1.0,21310.0,1,21310.0,0.0
P2P-b70609bj,1,1.0,1716.83,1,1716.83,0.0
Cosmo_Change,1,1.0,667.0,1,667.0,0.0
RAMZEZERG,1,1.0,20000.0,1,20000.0,0.0
P2P-a1fc8bta,1,1.0,488.68,1,488.68,0.0
P2P-3a08f7i0,1,3.0,1498.0,3,1498.0,19.366666666666667
P2P-5f6ce2pi,1,1.0,20000.0,1,20000.0,0.0
andrewbit,1,1.0,5531.0,1,5531.0,0.0
Sllns,1,1.0,281.65,1,281.65,0.0
Capicua373,1,1.0,72000.0,1,72000.0,0.0
P2P-86b252c6,1,1.0,499.94,1,499.94,0.0
P2P-08526bn6,1,1.0,128.5,1,128.5,0.0
P2P-6d8bf5k5,1,1.0,325.01,1,325.01,0.0
P2P-7aa470an,1,1.0,189.31,1,189.31,0.0
JuanSH,1,1.0,8597.5,1,8597.5,0.0
P2P-29ba96rr,1,1.0,20600.0,1,20600.0,0.0
P2P-344833ni,1,1.0,6112.68,1,6112.68,0.0
P2P-2815b9b6,1,1.0,11381.44,1,11381.44,0.0
P2P-3a7d63mw,1,1.0,21500.05,1,21500.05,0.0
P2P-00f2add1,1,1.0,320.64,1,320.64,0.0
P2P-1b1b53o8,1,1.0,604.54,1,604.54,0.0
P2P-0b1d2exa,1,1.0,1894.53,1,1894.53,0.0
P2P-85f40bca,1,1.0,17450.0,1,17450.0,0.0
